Timestamp,User Count,Type,Name,Requests/s,Failures/s,50%,66%,75%,80%,90%,95%,98%,99%,99.9%,99.99%,100%,Total Request Count,Total Failure Count,Total Median Response Time,Total Average Response Time,Total Min Response Time,Total Max Response Time,Total Average Content Size
1764725326,0,,Aggregated,0.000000,0.000000,N/A,N/A,N/A,N/A,N/A,N/A,N/A,N/A,N/A,N/A,N/A,0,0,0,0.0,0,0,0
1764725327,10,,Aggregated,0.000000,0.000000,860,870,890,900,910,910,910,910,910,910,910,10,0,860.0,859.5688453006005,814.7266649975791,913.420501001383,32634.7
1764725328,20,,Aggregated,0.000000,0.000000,830,870,900,910,1000,1000,1100,1100,1100,1100,1100,28,0,830.0,784.1661173930073,465.3311600013694,1087.490448000608,23386.571428571428
1764725329,30,,Aggregated,0.000000,0.000000,860,910,980,1000,1100,1100,1100,1100,1100,1100,1100,48,0,850.0,841.1083475624915,465.3311600013694,1149.7324019983353,20489.604166666668
1764725330,40,,Aggregated,5.000000,0.000000,830,890,930,980,1000,1100,1100,1100,1100,1100,1100,58,0,820.0,800.2973778966407,387.90537100067013,1149.7324019983353,18097.98275862069
1764725331,50,,Aggregated,5.000000,0.000000,830,890,930,980,1000,1100,1100,1100,1100,1100,1100,58,0,820.0,800.2973778966407,387.90537100067013,1149.7324019983353,18097.98275862069
1764725332,60,,Aggregated,5.000000,0.000000,830,890,930,980,1000,1100,1100,1100,1100,1100,1100,58,0,820.0,800.2973778966407,387.90537100067013,1149.7324019983353,18097.98275862069
1764725333,70,,Aggregated,11.600000,0.000000,890,990,1100,2000,4400,5100,5100,5200,5200,5200,5200,74,0,870.0,1493.88926677032,387.90537100067013,5240.549098998599,25919.567567567567
1764725334,80,,Aggregated,9.666667,0.000000,1000,2000,3300,4100,4600,5000,5100,5200,5200,5200,5200,103,0,1000.0,1941.256693543799,387.90537100067013,5240.549098998599,28357.33009708738
1764725335,90,,Aggregated,8.285714,0.000000,1100,2400,3400,4200,4700,5100,5200,5400,5800,5800,5800,124,0,1100.0,2057.6344002017117,387.90537100067013,5832.1759950013075,27313.532258064515
1764725336,100,,Aggregated,9.500000,0.000000,1300,2400,3200,4100,4700,5100,5200,5400,5800,5800,5800,135,0,1300.0,2031.1929549408283,387.90537100067013,5832.1759950013075,26631.207407407408
1764725337,100,,Aggregated,11.444444,0.000000,1300,2400,3200,3800,4700,5100,5400,5800,7500,7500,7500,141,0,1300.0,2088.929390454001,387.90537100067013,7509.664850000263,26293.68085106383
1764725338,100,,Aggregated,12.500000,0.000000,1400,2600,3400,4200,4700,5100,5800,7500,9200,9200,9200,146,0,1300.0,2197.390114534345,387.90537100067013,9198.40239199766,26710.321917808218
1764725339,100,,Aggregated,13.700000,0.000000,1700,3200,4200,4500,5100,5600,9000,9400,9700,9700,9700,161,0,1700.0,2540.7027990870392,387.90537100067013,9730.89462599819,26783.521739130436
1764725340,100,,Aggregated,13.200000,0.000000,2200,3800,4500,4700,5400,6000,9400,10000,10000,10000,10000,172,0,2000.0,2779.8944789594398,387.90537100067013,10012.586796001415,26901.587209302324
1764725341,100,,Aggregated,11.700000,0.000000,2300,4200,4700,5000,6000,6900,9700,10000,10000,10000,10000,182,0,2300.0,2962.796195022107,387.90537100067013,10444.431175001228,26357.813186813186
1764725342,100,,Aggregated,11.400000,0.000000,2400,4200,4700,5100,6000,7500,10000,10000,10000,10000,10000,185,0,2400.0,3041.493623637958,387.90537100067013,10444.431175001228,26485.756756756757
1764725343,100,,Aggregated,11.600000,0.000000,2700,4400,5000,5400,7400,9400,10000,13000,15000,15000,15000,200,0,2600.0,3415.360695335129,387.90537100067013,14975.515710000764,26820.995
1764725344,100,,Aggregated,12.400000,0.000000,2900,4700,5100,5600,8100,9400,10000,13000,15000,15000,15000,214,0,2900.0,3583.676587710418,387.90537100067013,14975.515710000764,26870.266355140186
1764725345,100,,Aggregated,12.800000,0.000000,3200,4800,5300,6000,8300,9800,10000,13000,15000,15000,15000,223,0,3200.0,3753.804315847666,387.90537100067013,14975.515710000764,26896.986547085202
1764725346,100,,Aggregated,12.400000,0.000000,3300,4800,5500,6100,9000,10000,12000,13000,15000,15000,15000,233,0,3300.0,3888.1766473906737,387.90537100067013,14975.515710000764,27174.30042918455
1764725348,100,,Aggregated,11.200000,0.000000,3600,5000,5800,6600,9400,10000,12000,13000,15000,15000,15000,245,0,3600.0,4072.947527314474,387.90537100067013,14975.515710000764,27929.179591836735
1764725349,100,,Aggregated,9.800000,0.000000,3600,5100,6000,6900,9400,10000,12000,13000,15000,15000,15000,251,0,3600.0,4150.331416657562,157.59814299963182,14975.515710000764,28047.940239043826
1764725350,100,,Aggregated,9.600000,0.000000,3800,5100,6000,7200,9700,10000,12000,13000,15000,15000,15000,259,0,3800.0,4225.320523672004,157.59814299963182,14975.515710000764,28247.30501930502
1764725351,100,,Aggregated,10.300000,0.000000,4000,5100,6200,7500,9800,11000,13000,15000,21000,21000,21000,267,0,4000.0,4413.020456202421,157.59814299963182,20722.042131001217,28599.011235955055
1764725352,100,,Aggregated,10.500000,0.000000,4200,5300,6600,8200,10000,12000,16000,18000,21000,21000,21000,278,0,4200.0,4671.314106244739,157.59814299963182,20722.042131001217,28822.607913669064
1764725353,100,,Aggregated,9.700000,0.000000,4200,5400,6900,8200,10000,12000,16000,18000,21000,21000,21000,287,0,4200.0,4711.707268386894,157.59814299963182,20722.042131001217,28812.34843205575
1764725354,100,,Aggregated,9.300000,0.000000,4200,5500,7200,8400,10000,13000,18000,19000,21000,21000,21000,294,0,4200.0,4927.64886642532,157.59814299963182,20722.042131001217,28479.632653061224
1764725355,100,,Aggregated,9.600000,0.000000,4200,5800,7400,8600,10000,13000,18000,19000,21000,21000,21000,297,0,4200.0,5019.893823905879,157.59814299963182,20722.042131001217,28731.08754208754
1764725356,100,,Aggregated,10.100000,0.000000,4400,5800,8100,9200,11000,14000,18000,19000,21000,21000,21000,312,0,4300.0,5207.887276753343,157.59814299963182,20722.042131001217,29597.759615384617
1764725357,100,,Aggregated,8.200000,0.000000,4500,6000,8100,9200,12000,14000,18000,19000,23000,23000,23000,316,0,4400.0,5306.59501637989,157.59814299963182,23221.89600999991,29550.13924050633
1764725358,100,,Aggregated,8.200000,0.000000,4600,6200,8300,9500,12000,15000,19000,19000,24000,24000,24000,329,0,4600.0,5522.611289659702,157.59814299963182,23761.678125996696,29686.27659574468
1764725359,100,,Aggregated,8.900000,0.000000,4700,6200,8400,9500,12000,15000,19000,19000,24000,24000,24000,332,0,4600.0,5564.243043569402,157.59814299963182,23761.678125996696,29971.49096385542
1764725360,100,,Aggregated,8.200000,0.000000,4700,6400,8600,9500,12000,15000,19000,19000,24000,24000,24000,342,0,4700.0,5609.403337608318,157.59814299963182,23761.678125996696,30209.798245614034
1764725361,100,,Aggregated,8.100000,0.000000,4700,6600,8900,9500,12000,15000,19000,23000,25000,25000,25000,352,0,4700.0,5723.637096841035,157.59814299963182,25051.346260999708,30031.809659090908
1764725362,100,,Aggregated,8.100000,0.000000,4700,6600,9000,9500,12000,15000,19000,23000,25000,25000,25000,361,0,4700.0,5759.369109182959,157.59814299963182,25051.346260999708,29904.98614958449
1764725363,100,,Aggregated,8.400000,0.000000,4700,6900,9000,9800,13000,15000,19000,23000,25000,25000,25000,369,0,4700.0,5870.657787065195,157.59814299963182,25051.346260999708,30206.249322493226
1764725364,100,,Aggregated,8.400000,0.000000,4800,7100,9200,9900,13000,17000,21000,24000,28000,28000,28000,377,0,4800.0,6031.5038194696635,157.59814299963182,28013.592253999377,30550.541114058356
1764725365,100,,Aggregated,8.300000,0.000000,4900,7400,9200,10000,13000,17000,21000,24000,28000,28000,28000,386,0,4900.0,6162.394629901727,157.59814299963182,28013.592253999377,30438.88860103627
1764725366,100,,Aggregated,8.300000,0.000000,5000,7500,9300,10000,14000,17000,21000,24000,28000,28000,28000,398,0,4900.0,6239.782881349392,133.37729900013073,28013.592253999377,30447.9648241206
1764725367,100,,Aggregated,8.300000,0.000000,5000,7400,9200,10000,13000,17000,21000,23000,28000,28000,28000,405,0,5000.0,6213.751207084088,133.37729900013073,28013.592253999377,30405.264197530865
1764725368,100,,Aggregated,8.500000,0.000000,5000,7500,9400,10000,14000,17000,21000,23000,28000,28000,28000,416,0,5000.0,6306.666226295806,133.37729900013073,28013.592253999377,30398.50721153846
1764725369,100,,Aggregated,9.000000,0.000000,5000,7700,9400,10000,14000,17000,22000,24000,28000,28000,28000,425,0,5000.0,6423.651589494249,133.37729900013073,28013.592253999377,30860.282352941176
1764725370,100,,Aggregated,8.600000,0.000000,5000,7800,9400,10000,14000,17000,22000,24000,28000,28000,28000,438,0,5000.0,6424.393482376838,133.37729900013073,28013.592253999377,30724.312785388127
1764725371,100,,Aggregated,9.200000,0.000000,5000,7900,9500,10000,14000,17000,22000,24000,28000,28000,28000,446,0,5000.0,6489.14923319521,133.37729900013073,28013.592253999377,30896.307174887894
1764725372,100,,Aggregated,9.300000,0.000000,5100,7900,9500,10000,14000,18000,22000,24000,28000,28000,28000,454,0,5000.0,6533.149870114677,133.37729900013073,28013.592253999377,31074.299559471365
1764725373,100,,Aggregated,9.300000,0.000000,5100,8000,9700,11000,14000,19000,23000,25000,42000,42000,42000,463,0,5100.0,6707.977289751749,133.37729900013073,41899.14235899778,31138.120950323973
1764725374,100,,Aggregated,9.200000,0.000000,5100,8200,9700,11000,15000,19000,23000,25000,42000,42000,42000,469,0,5100.0,6773.016084795431,133.37729900013073,41899.14235899778,31279.67803837953
1764725375,100,,Aggregated,9.500000,0.000000,5200,8200,9800,11000,15000,19000,23000,25000,42000,42000,42000,481,0,5200.0,6940.635794255825,133.37729900013073,41899.14235899778,31529.536382536382
1764725376,100,,Aggregated,9.100000,0.000000,5200,8200,9800,11000,15000,20000,24000,27000,42000,42000,42000,488,1,5200.0,6952.660140813625,133.37729900013073,41899.14235899778,31410.782786885247
1764725377,100,,Aggregated,9.400000,0.000000,5200,8200,9800,11000,15000,20000,24000,27000,42000,42000,42000,497,1,5200.0,6968.290076036308,133.37729900013073,41899.14235899778,31469.79476861167
1764725378,100,,Aggregated,9.000000,0.100000,5100,8200,9800,11000,15000,19000,23000,25000,42000,42000,42000,509,1,5100.0,6912.791540172974,133.37729900013073,41899.14235899778,31334.748526522595
1764725379,100,,Aggregated,9.000000,0.100000,5100,8200,9900,11000,15000,20000,24000,27000,42000,42000,42000,518,1,5100.0,6976.9471062568355,133.37729900013073,41899.14235899778,31268.162162162163
1764725380,100,,Aggregated,9.000000,0.100000,5200,8300,10000,12000,15000,21000,24000,28000,42000,42000,42000,529,1,5200.0,7138.607146440542,133.37729900013073,41899.14235899778,31298.856332703213
1764725381,100,,Aggregated,9.400000,0.100000,5300,8500,10000,12000,16000,21000,25000,30000,42000,42000,42000,541,1,5300.0,7293.701112179392,133.37729900013073,41899.14235899778,31093.08133086876
1764725382,100,,Aggregated,9.400000,0.100000,5400,8500,10000,12000,16000,21000,25000,32000,42000,42000,42000,553,1,5400.0,7366.774348285823,133.37729900013073,41899.14235899778,31167.956600361664
1764725383,100,,Aggregated,9.400000,0.100000,5500,8500,10000,12000,16000,21000,25000,32000,42000,42000,42000,562,1,5400.0,7385.3324292367515,133.37729900013073,41899.14235899778,31067.256227758007
1764725384,100,,Aggregated,9.900000,0.100000,5500,8500,10000,12000,17000,21000,25000,32000,42000,42000,42000,577,1,5500.0,7422.567018722811,133.37729900013073,41899.14235899778,31135.344887348354
1764725385,100,,Aggregated,9.500000,0.100000,5500,8600,10000,12000,17000,21000,25000,32000,42000,42000,42000,582,1,5500.0,7430.091472912474,133.37729900013073,41899.14235899778,31126.881443298967
1764725386,100,,Aggregated,10.700000,0.100000,5500,8700,10000,12000,17000,22000,26000,35000,46000,46000,46000,591,1,5500.0,7590.243669991638,133.37729900013073,46165.99438400226,31214.445008460236
1764725387,100,,Aggregated,10.700000,0.100000,5500,8700,10000,12000,17000,22000,26000,35000,46000,46000,46000,598,1,5500.0,7579.253220809448,133.37729900013073,46165.99438400226,31249.14381270903
1764725388,100,,Aggregated,10.100000,0.000000,5500,8800,10000,12000,17000,22000,26000,35000,46000,46000,46000,608,1,5500.0,7643.282704383311,133.37729900013073,46165.99438400226,31238.692434210527
1764725389,100,,Aggregated,10.300000,0.000000,5500,8800,10000,12000,17000,22000,27000,35000,46000,46000,46000,618,1,5500.0,7667.613392032452,133.37729900013073,46165.99438400226,31223.423948220065
1764725390,100,,Aggregated,9.900000,0.000000,5600,9000,11000,12000,17000,22000,27000,35000,46000,46000,46000,630,1,5500.0,7738.216635320728,133.37729900013073,46165.99438400226,31038.174603174604
1764725391,100,,Aggregated,9.600000,0.000000,5600,9200,11000,12000,17000,22000,27000,35000,46000,46000,46000,640,1,5600.0,7776.3040351703985,133.37729900013073,46165.99438400226,31210.0953125
1764725392,100,,Aggregated,9.700000,0.000000,5700,9200,11000,12000,17000,22000,27000,35000,46000,46000,46000,645,1,5700.0,7788.380150384577,133.37729900013073,46165.99438400226,31267.367441860464
1764725393,100,,Aggregated,10.000000,0.000000,5700,9200,11000,12000,17000,22000,26000,35000,46000,46000,46000,659,1,5700.0,7807.116652488713,133.37729900013073,46165.99438400226,31247.722306525036
1764725394,100,,Aggregated,9.100000,0.000000,5800,9200,11000,12000,17000,22000,26000,35000,46000,46000,46000,663,1,5800.0,7804.003228754241,133.37729900013073,46165.99438400226,31290.358974358973
1764725395,100,,Aggregated,9.800000,0.000000,5700,9100,11000,12000,17000,22000,26000,35000,46000,46000,46000,677,1,5700.0,7766.613626979421,133.37729900013073,46165.99438400226,31269.169867060562
1764725396,100,,Aggregated,9.800000,0.000000,5700,9100,11000,12000,17000,22000,26000,35000,46000,46000,46000,686,1,5700.0,7790.943393558399,133.37729900013073,46165.99438400226,31271.944606413996
1764725397,100,,Aggregated,9.200000,0.000000,5800,9200,11000,13000,17000,22000,27000,36000,46000,46000,46000,696,1,5800.0,7899.6646145345685,133.37729900013073,46165.99438400226,31365.94683908046
1764725398,100,,Aggregated,9.800000,0.000000,5800,9200,11000,13000,17000,22000,27000,35000,46000,46000,46000,708,1,5800.0,7935.485748837657,133.37729900013073,46165.99438400226,31322.478813559323
1764725399,100,,Aggregated,9.100000,0.000000,5800,9200,11000,13000,17000,22000,27000,35000,46000,46000,46000,715,1,5800.0,7976.600391597298,133.37729900013073,46165.99438400226,31391.920279720278
1764725400,100,,Aggregated,9.800000,0.000000,5800,9200,11000,13000,17000,22000,27000,35000,46000,46000,46000,727,1,5800.0,7915.4233189492015,133.37729900013073,46165.99438400226,31619.258596973865
1764725401,100,,Aggregated,10.000000,0.000000,5800,9200,11000,13000,17000,22000,27000,35000,46000,46000,46000,736,1,5800.0,7915.460587770472,133.37729900013073,46165.99438400226,31585.9375
1764725402,100,,Aggregated,10.000000,0.000000,5800,9200,11000,13000,17000,22000,27000,35000,46000,46000,46000,749,1,5800.0,7902.4121669466895,133.37729900013073,46165.99438400226,31459.100133511347
1764725403,100,,Aggregated,9.500000,0.000000,5800,9200,11000,13000,17000,22000,27000,35000,46000,46000,46000,762,1,5800.0,7916.997999531586,133.37729900013073,46165.99438400226,31332.332020997375
1764725404,100,,Aggregated,9.500000,0.000000,5800,9200,11000,13000,17000,22000,27000,35000,46000,46000,46000,767,1,5800.0,7932.245511185218,133.37729900013073,46165.99438400226,31267.305084745763
1764725405,100,,Aggregated,10.300000,0.000000,5800,9200,11000,13000,17000,22000,27000,35000,46000,46000,46000,776,1,5800.0,7951.811404085139,133.37729900013073,46165.99438400226,31296.85824742268
1764725406,100,,Aggregated,10.500000,0.000000,5800,9200,11000,13000,17000,22000,27000,35000,46000,46000,46000,786,1,5800.0,7908.4875195853265,133.37729900013073,46165.99438400226,31389.651399491093
1764725407,100,,Aggregated,10.200000,0.000000,5800,9200,11000,13000,17000,22000,27000,35000,46000,46000,46000,796,1,5800.0,7945.661266875711,133.37729900013073,46165.99438400226,31377.988693467338
1764725408,100,,Aggregated,9.900000,0.000000,5800,9200,11000,13000,17000,22000,26000,32000,46000,46000,46000,803,1,5800.0,7959.745059854376,133.37729900013073,46165.99438400226,31381.189290161892
1764725409,100,,Aggregated,10.600000,0.000000,5800,9300,11000,13000,17000,22000,27000,32000,46000,46000,46000,809,1,5800.0,8011.660630796122,133.37729900013073,46165.99438400226,31487.384425216318
1764725410,100,,Aggregated,9.600000,0.000000,5800,9300,11000,13000,17000,22000,27000,32000,46000,46000,46000,815,1,5800.0,7998.973328800078,133.37729900013073,46165.99438400226,31714.277300613496
1764725411,100,,Aggregated,9.100000,0.000000,5800,9300,11000,13000,17000,23000,28000,32000,46000,46000,46000,825,1,5800.0,8040.643893449782,133.37729900013073,46165.99438400226,31838.967272727274
1764725412,100,,Aggregated,8.700000,0.000000,5900,9400,12000,13000,17000,23000,28000,35000,46000,46000,46000,835,1,5900.0,8121.667736445593,133.37729900013073,46165.99438400226,31897.704191616765
1764725413,100,,Aggregated,9.000000,0.000000,6000,9300,12000,13000,17000,23000,28000,35000,46000,46000,46000,845,1,6000.0,8111.099043268726,133.37729900013073,46165.99438400226,31907.517159763313
1764725414,100,,Aggregated,8.900000,0.000000,6000,9300,11000,13000,17000,23000,28000,35000,46000,46000,46000,855,1,6000.0,8104.945749026984,133.37729900013073,46165.99438400226,32095.92046783626
1764725415,100,,Aggregated,8.900000,0.000000,6000,9300,11000,13000,17000,23000,28000,35000,46000,46000,46000,858,1,6000.0,8127.420703460458,133.37729900013073,46165.99438400226,32079.82634032634
1764725416,100,,Aggregated,8.300000,0.000000,6000,9300,12000,13000,17000,23000,28000,35000,46000,46000,46000,868,1,6000.0,8146.165412435569,133.37729900013073,46165.99438400226,32158.849078341013
1764725417,100,,Aggregated,8.300000,0.000000,6100,9400,12000,13000,17000,23000,28000,35000,46000,46000,46000,879,1,6100.0,8170.249511041044,133.37729900013073,46165.99438400226,32484.78156996587
1764725418,100,,Aggregated,8.300000,0.000000,6100,9400,12000,13000,17000,23000,28000,35000,46000,46000,46000,887,1,6100.0,8160.085737821954,133.37729900013073,46165.99438400226,32624.580608793687
1764725419,100,,Aggregated,8.100000,0.000000,6200,9400,12000,13000,17000,23000,28000,32000,46000,46000,46000,903,1,6200.0,8180.764586911485,133.37729900013073,46165.99438400226,32473.937984496122
1764725420,100,,Aggregated,8.300000,0.000000,6200,9400,12000,13000,17000,23000,28000,35000,51000,51000,51000,915,1,6200.0,8219.690195988063,133.37729900013073,50816.49160199959,32370.415300546447
1764725421,100,,Aggregated,9.700000,0.000000,6200,9500,12000,13000,17000,23000,28000,35000,51000,51000,51000,922,1,6200.0,8224.362250631326,133.37729900013073,50816.49160199959,32374.816702819957
1764725422,100,,Aggregated,9.600000,0.000000,6200,9500,12000,13000,17000,23000,28000,35000,51000,51000,51000,932,1,6200.0,8244.332389630994,133.37729900013073,50816.49160199959,32348.700643776825
1764725423,100,,Aggregated,9.700000,0.000000,6200,9500,12000,13000,17000,22000,28000,35000,51000,51000,51000,942,1,6200.0,8245.47061531538,133.37729900013073,50816.49160199959,32320.454352441615
1764725424,100,,Aggregated,9.500000,0.000000,6200,9500,12000,13000,17000,22000,28000,35000,51000,51000,51000,949,1,6200.0,8252.10828165131,133.37729900013073,50816.49160199959,32412.594309799788
1764725425,100,,Aggregated,9.700000,0.000000,6200,9500,12000,13000,18000,23000,28000,35000,51000,51000,51000,962,1,6200.0,8286.37564468409,133.37729900013073,50816.49160199959,32532.85446985447
1764725426,100,,Aggregated,9.400000,0.000000,6100,9400,12000,13000,17000,23000,28000,35000,51000,51000,51000,972,1,6100.0,8258.251881002152,133.37729900013073,50816.49160199959,32500.14197530864
1764725427,100,,Aggregated,10.000000,0.000000,6200,9400,12000,13000,17000,23000,28000,35000,51000,51000,51000,984,1,6100.0,8252.597676332405,133.37729900013073,50816.49160199959,32497.399390243903
1764725428,100,,Aggregated,10.100000,0.000000,6200,9400,12000,13000,18000,23000,29000,36000,51000,51000,51000,992,1,6200.0,8304.88317892045,133.37729900013073,50816.49160199959,32502.321572580644
1764725429,100,,Aggregated,10.300000,0.000000,6200,9400,12000,13000,18000,23000,29000,36000,51000,51000,51000,996,1,6200.0,8296.500266770166,133.37729900013073,50816.49160199959,32513.515060240963
1764725430,100,,Aggregated,10.200000,0.000000,6300,9500,12000,13000,17000,23000,28000,35000,46000,51000,51000,1002,1,6200.0,8303.231391341405,133.37729900013073,50816.49160199959,32542.44011976048
1764725431,100,,Aggregated,9.200000,0.000000,6200,9400,12000,13000,17000,23000,28000,35000,46000,51000,51000,1009,1,6200.0,8300.377702027832,133.37729900013073,50816.49160199959,32617.930624380573
1764725432,100,,Aggregated,9.100000,0.000000,6300,9500,12000,13000,18000,23000,28000,35000,46000,51000,51000,1016,1,6300.0,8325.10599490363,133.37729900013073,50816.49160199959,32700.11220472441
1764725433,100,,Aggregated,8.500000,0.000000,6300,9500,12000,13000,17000,23000,28000,35000,46000,51000,51000,1024,1,6300.0,8319.263993308683,133.37729900013073,50816.49160199959,32919.4755859375
1764725434,100,,Aggregated,8.700000,0.000000,6300,9500,12000,13000,18000,23000,29000,35000,46000,51000,51000,1039,1,6300.0,8332.301289775838,133.37729900013073,50816.49160199959,32838.527430221366
1764725435,100,,Aggregated,8.300000,0.000000,6300,9500,12000,13000,18000,23000,29000,35000,46000,51000,51000,1047,1,6300.0,8322.931450021104,133.37729900013073,50816.49160199959,32845.655205348616
1764725436,100,,Aggregated,8.300000,0.000000,6300,9500,12000,13000,18000,23000,28000,35000,46000,51000,51000,1055,1,6300.0,8335.990781770712,133.37729900013073,50816.49160199959,32887.55165876777
1764725437,100,,Aggregated,8.600000,0.000000,6300,9500,12000,13000,18000,23000,29000,35000,46000,51000,51000,1062,1,6300.0,8359.92382041629,133.37729900013073,50816.49160199959,32868.83615819209
1764725438,100,,Aggregated,8.200000,0.000000,6400,9500,12000,13000,18000,23000,29000,35000,46000,51000,51000,1070,1,6300.0,8376.750400222527,133.37729900013073,50816.49160199959,32981.885046728974
1764725439,100,,Aggregated,8.100000,0.000000,6300,9500,12000,13000,17000,23000,29000,35000,46000,51000,51000,1083,1,6300.0,8348.254297547644,133.37729900013073,50816.49160199959,33103.61957525393
1764725440,100,,Aggregated,8.000000,0.000000,6300,9500,12000,13000,18000,23000,29000,35000,46000,51000,51000,1088,1,6300.0,8368.312745555237,133.37729900013073,50816.49160199959,33133.02205882353
1764725441,100,,Aggregated,8.400000,0.000000,6400,9500,12000,13000,18000,23000,29000,35000,51000,58000,58000,1102,1,6300.0,8417.853849559979,127.63975599955302,57888.68623700182,33173.97549909256
1764725442,100,,Aggregated,8.600000,0.000000,6300,9500,12000,13000,18000,23000,29000,35000,51000,58000,58000,1107,1,6300.0,8398.661162891689,127.63975599955302,57888.68623700182,33095.56910569106
1764725443,100,,Aggregated,9.000000,0.000000,6400,9500,12000,13000,18000,23000,30000,35000,51000,58000,58000,1114,1,6400.0,8436.948830141926,127.63975599955302,57888.68623700182,33074.49012567325
1764725444,100,,Aggregated,9.100000,0.000000,6400,9500,12000,13000,18000,23000,30000,35000,51000,58000,58000,1127,1,6400.0,8408.068575905154,127.63975599955302,57888.68623700182,33150.90505767524
1764725445,100,,Aggregated,8.900000,0.000000,6400,9500,12000,13000,18000,23000,30000,35000,51000,58000,58000,1136,1,6400.0,8455.409790229853,127.63975599955302,57888.68623700182,33189.51408450704
1764725446,100,,Aggregated,9.600000,0.000000,6400,9500,12000,13000,18000,23000,30000,35000,51000,58000,58000,1143,1,6400.0,8436.030685377178,127.63975599955302,57888.68623700182,33157.59405074365
1764725447,100,,Aggregated,8.700000,0.000000,6400,9500,12000,13000,18000,23000,30000,35000,51000,58000,58000,1152,1,6400.0,8437.585835130309,127.63975599955302,57888.68623700182,33197.635416666664
1764725448,100,,Aggregated,9.100000,0.000000,6400,9500,12000,13000,18000,23000,30000,35000,51000,58000,58000,1164,1,6400.0,8430.771726793051,127.63975599955302,57888.68623700182,33248.20360824742
1764725449,100,,Aggregated,8.700000,0.000000,6400,9500,12000,13000,18000,23000,30000,35000,51000,58000,58000,1170,1,6400.0,8457.666518937705,127.63975599955302,57888.68623700182,33337.44017094017
1764725450,100,,Aggregated,9.300000,0.000000,6400,9500,12000,13000,18000,23000,30000,35000,51000,58000,58000,1184,1,6400.0,8476.486296087098,127.63975599955302,57888.68623700182,33453.99493243243
1764725451,100,,Aggregated,8.800000,0.000000,6400,9500,12000,13000,18000,23000,30000,35000,51000,58000,58000,1190,1,6400.0,8485.192933200102,127.63975599955302,57888.68623700182,33450.55546218487
1764725452,100,,Aggregated,9.000000,0.000000,6400,9500,12000,13000,18000,23000,30000,35000,51000,58000,58000,1200,1,6400.0,8503.829702265935,127.63975599955302,57888.68623700182,33435.02
1764725453,100,,Aggregated,9.100000,0.000000,6400,9500,12000,13000,18000,23000,30000,34000,51000,58000,58000,1210,1,6400.0,8521.039914339774,127.63975599955302,57888.68623700182,33496.10578512397
1764725454,100,,Aggregated,8.800000,0.000000,6400,9500,12000,13000,18000,23000,30000,34000,51000,58000,58000,1219,1,6400.0,8543.317708704777,127.63975599955302,57888.68623700182,33531.11156685808
1764725455,100,,Aggregated,9.500000,0.000000,6500,9600,12000,13000,18000,23000,30000,34000,51000,58000,58000,1226,1,6400.0,8536.734363582485,127.63975599955302,57888.68623700182,33532.4836867863
1764725456,100,,Aggregated,8.800000,0.000000,6500,9500,12000,13000,18000,23000,30000,34000,51000,58000,58000,1234,1,6400.0,8528.35872918811,127.63975599955302,57888.68623700182,33588.150729335495
1764725457,100,,Aggregated,9.200000,0.000000,6500,9500,12000,13000,18000,23000,30000,34000,51000,58000,58000,1248,1,6400.0,8547.373543195617,127.63975599955302,57888.68623700182,33665.786057692305
1764725458,100,,Aggregated,8.800000,0.000000,6500,9500,12000,13000,18000,23000,30000,34000,51000,58000,58000,1256,1,6400.0,8543.510896814594,127.63975599955302,57888.68623700182,33625.59554140127
1764725459,100,,Aggregated,9.200000,0.000000,6500,9600,12000,13000,18000,23000,30000,35000,51000,58000,58000,1267,1,6500.0,8567.244960297654,127.63975599955302,57888.68623700182,33612.219415943175
1764725460,100,,Aggregated,9.200000,0.000000,6500,9500,12000,13000,18000,23000,30000,35000,51000,58000,58000,1279,1,6500.0,8554.799000815581,127.63975599955302,57888.68623700182,33509.100860046914
1764725461,100,,Aggregated,9.300000,0.000000,6500,9500,12000,13000,18000,23000,30000,35000,51000,58000,58000,1286,1,6500.0,8557.963834518761,127.63975599955302,57888.68623700182,33493.36936236392
1764725462,100,,Aggregated,9.700000,0.000000,6400,9500,12000,13000,18000,23000,30000,34000,51000,58000,58000,1302,1,6400.0,8531.065029705936,127.63975599955302,57888.68623700182,33495.93932411674
1764725463,100,,Aggregated,9.600000,0.000000,6500,9500,12000,13000,18000,23000,30000,34000,51000,58000,58000,1308,1,6400.0,8535.298690763093,127.63975599955302,57888.68623700182,33581.95489296636
1764725464,100,,Aggregated,9.700000,0.000000,6500,9500,12000,13000,18000,23000,30000,34000,51000,58000,58000,1320,1,6500.0,8532.882584511457,127.63975599955302,57888.68623700182,33528.961363636365
1764725465,100,,Aggregated,9.700000,0.000000,6500,9500,12000,13000,18000,23000,30000,34000,51000,58000,58000,1331,1,6500.0,8537.314372921954,127.63975599955302,57888.68623700182,33537.35912847483
1764725466,100,,Aggregated,10.000000,0.000000,6500,9500,12000,13000,18000,23000,30000,34000,51000,58000,58000,1342,1,6500.0,8545.999115445698,127.63975599955302,57888.68623700182,33517.66169895678
1764725467,100,,Aggregated,10.000000,0.000000,6500,9500,12000,13000,18000,23000,30000,34000,51000,58000,58000,1350,1,6500.0,8536.286003680834,127.63975599955302,57888.68623700182,33523.165925925925
1764725468,100,,Aggregated,10.800000,0.000000,6500,9500,12000,13000,18000,23000,30000,34000,51000,58000,58000,1362,1,6500.0,8520.157230759272,127.63975599955302,57888.68623700182,33585.46035242291
1764725469,100,,Aggregated,10.600000,0.000000,6500,9500,12000,13000,18000,23000,30000,34000,51000,58000,58000,1369,1,6500.0,8519.274501389438,127.63975599955302,57888.68623700182,33549.80131482834
1764725470,100,,Aggregated,10.400000,0.000000,6500,9500,12000,13000,18000,23000,30000,34000,51000,58000,58000,1379,1,6500.0,8521.311404366314,127.63975599955302,57888.68623700182,33597.30166787527
1764725471,100,,Aggregated,10.400000,0.000000,6400,9500,12000,13000,18000,23000,30000,34000,51000,58000,58000,1389,1,6400.0,8499.65039432912,127.63975599955302,57888.68623700182,33612.2505399568
1764725472,100,,Aggregated,9.900000,0.000000,6400,9500,12000,13000,18000,23000,30000,34000,51000,58000,58000,1398,1,6400.0,8491.498819927143,127.63975599955302,57888.68623700182,33640.585121602286
1764725473,100,,Aggregated,9.700000,0.000000,6400,9500,12000,13000,18000,23000,29000,33000,51000,58000,58000,1407,1,6400.0,8484.67794440806,127.63975599955302,57888.68623700182,33721.06894100924
1764725474,100,,Aggregated,10.100000,0.000000,6400,9500,12000,13000,18000,23000,29000,33000,51000,58000,58000,1417,1,6400.0,8474.70154613842,127.63975599955302,57888.68623700182,33776.18136908962
1764725475,100,,Aggregated,9.700000,0.000000,6400,9500,12000,13000,18000,23000,29000,33000,51000,58000,58000,1424,1,6400.0,8468.619292161617,127.63975599955302,57888.68623700182,33789.87640449438
1764725476,100,,Aggregated,9.700000,0.000000,6400,9400,12000,13000,18000,23000,29000,33000,51000,58000,58000,1433,1,6400.0,8453.711260490678,127.63975599955302,57888.68623700182,33813.42219120726
1764725477,100,,Aggregated,9.600000,0.000000,6500,9500,12000,13000,18000,23000,30000,33000,51000,58000,58000,1445,1,6500.0,8501.99719860633,127.63975599955302,57888.68623700182,33766.23598615917
1764725478,100,,Aggregated,8.800000,0.000000,6400,9400,12000,13000,18000,23000,30000,33000,51000,58000,58000,1459,1,6400.0,8472.422269594339,127.63975599955302,57888.68623700182,33702.893762851265
1764725479,100,,Aggregated,9.000000,0.000000,6400,9400,12000,13000,18000,23000,30000,33000,51000,58000,58000,1469,1,6400.0,8477.446756145775,127.63975599955302,57888.68623700182,33654.70932607216
1764725480,100,,Aggregated,9.100000,0.000000,6400,9400,12000,13000,18000,23000,30000,33000,51000,58000,58000,1479,1,6400.0,8478.227604553846,127.63975599955302,57888.68623700182,33660.137931034486
1764725481,100,,Aggregated,9.900000,0.000000,6400,9400,12000,13000,18000,23000,30000,33000,51000,58000,58000,1485,1,6400.0,8466.104521840498,127.63975599955302,57888.68623700182,33686.30707070707
1764725482,100,,Aggregated,9.800000,0.000000,6400,9400,12000,13000,18000,23000,30000,33000,51000,58000,58000,1496,1,6400.0,8461.141332511455,127.63975599955302,57888.68623700182,33642.52606951872
1764725483,100,,Aggregated,10.000000,0.000000,6400,9400,12000,13000,18000,23000,29000,33000,51000,58000,58000,1508,1,6400.0,8475.458016307122,127.63975599955302,57888.68623700182,33618.71220159151
1764725484,100,,Aggregated,9.700000,0.000000,6400,9400,12000,13000,18000,23000,29000,33000,51000,58000,58000,1515,1,6400.0,8473.49600112155,127.63975599955302,57888.68623700182,33639.74323432343
1764725485,100,,Aggregated,10.000000,0.000000,6400,9400,12000,13000,18000,23000,29000,33000,51000,58000,58000,1526,1,6400.0,8480.038694090525,127.63975599955302,57888.68623700182,33639.24311926605
1764725486,100,,Aggregated,10.000000,0.000000,6400,9400,12000,13000,18000,23000,29000,33000,51000,58000,58000,1536,1,6400.0,8486.291228421966,127.63975599955302,57888.68623700182,33707.412109375
1764725487,100,,Aggregated,10.100000,0.000000,6400,9400,12000,13000,18000,23000,29000,33000,51000,58000,58000,1545,1,6400.0,8485.971028140544,127.63975599955302,57888.68623700182,33763.46666666667
1764725488,100,,Aggregated,10.100000,0.000000,6400,9500,12000,13000,18000,23000,29000,33000,51000,58000,58000,1553,1,6400.0,8495.181027544844,127.63975599955302,57888.68623700182,33782.03863490019
1764725489,100,,Aggregated,10.300000,0.000000,6500,9500,12000,13000,18000,23000,29000,33000,51000,58000,58000,1562,1,6400.0,8503.129261137736,127.63975599955302,57888.68623700182,33820.751600512165
1764725490,100,,Aggregated,10.000000,0.000000,6500,9500,12000,13000,18000,23000,29000,33000,51000,58000,58000,1570,1,6400.0,8502.39160452875,127.63975599955302,57888.68623700182,33867.9076433121
1764725491,100,,Aggregated,9.300000,0.000000,6500,9500,12000,13000,18000,23000,29000,33000,51000,58000,58000,1579,1,6500.0,8517.875993537134,127.63975599955302,57888.68623700182,33901.89993666878
1764725492,100,,Aggregated,9.300000,0.000000,6500,9500,12000,13000,18000,23000,29000,33000,51000,58000,58000,1586,1,6500.0,8529.17214928382,127.63975599955302,57888.68623700182,33950.49243379571
1764725493,100,,Aggregated,9.200000,0.000000,6500,9500,12000,13000,18000,23000,29000,33000,51000,58000,58000,1594,1,6500.0,8514.492399660689,127.63975599955302,57888.68623700182,33881.61166875784
1764725494,100,,Aggregated,9.100000,0.000000,6500,9500,12000,13000,18000,23000,29000,32000,51000,58000,58000,1602,1,6500.0,8518.065861940162,127.63975599955302,57888.68623700182,33876.48813982522
1764725495,100,,Aggregated,8.900000,0.000000,6500,9500,12000,13000,18000,23000,29000,32000,51000,58000,58000,1608,1,6500.0,8516.841360548593,127.63975599955302,57888.68623700182,33898.59701492537
1764725496,100,,Aggregated,8.600000,0.000000,6500,9500,12000,13000,18000,23000,29000,32000,51000,58000,58000,1618,1,6500.0,8516.953088225668,127.63975599955302,57888.68623700182,33900.11124845488
1764725497,100,,Aggregated,8.300000,0.000000,6500,9500,12000,13000,18000,23000,29000,32000,51000,58000,58000,1623,1,6500.0,8515.519914685845,127.63975599955302,57888.68623700182,33870.49044978435
1764725498,100,,Aggregated,8.100000,0.000000,6500,9500,12000,13000,18000,23000,29000,32000,51000,58000,58000,1637,1,6500.0,8516.654336694644,127.63975599955302,57888.68623700182,33933.351863164324
1764725499,100,,Aggregated,8.200000,0.000000,6500,9500,12000,13000,18000,23000,29000,32000,51000,58000,58000,1641,1,6500.0,8517.663331909895,127.63975599955302,57888.68623700182,33900.53077391834
1764725500,100,,Aggregated,7.900000,0.000000,6600,9500,12000,13000,18000,23000,29000,32000,51000,58000,58000,1650,1,6600.0,8531.433260119478,127.63975599955302,57888.68623700182,33951.12727272727
1764725501,100,,Aggregated,8.400000,0.000000,6600,9500,12000,13000,18000,23000,28000,32000,51000,58000,58000,1664,1,6600.0,8530.614858536146,127.63975599955302,57888.68623700182,33980.986778846156
1764725502,100,,Aggregated,8.100000,0.000000,6600,9500,12000,13000,18000,23000,28000,32000,51000,58000,58000,1670,1,6600.0,8517.757567637214,127.63975599955302,57888.68623700182,33953.09041916168
1764725503,100,,Aggregated,8.100000,0.000000,6600,9500,12000,13000,18000,23000,28000,32000,51000,58000,58000,1679,1,6600.0,8520.772209009621,127.63975599955302,57888.68623700182,33931.659916617034
1764725504,100,,Aggregated,8.500000,0.000000,6600,9500,12000,13000,18000,23000,28000,32000,51000,58000,58000,1686,1,6600.0,8523.980657806145,127.63975599955302,57888.68623700182,33997.79478054567
1764725505,100,,Aggregated,8.200000,0.000000,6600,9500,12000,13000,18000,23000,29000,32000,51000,58000,58000,1695,1,6600.0,8545.983090270889,127.63975599955302,57888.68623700182,34072.05309734513
1764725506,100,,Aggregated,8.500000,0.000000,6600,9600,12000,13000,18000,23000,28000,32000,51000,58000,58000,1705,1,6600.0,8558.879767694521,127.63975599955302,57888.68623700182,34101.13900293255
1764725507,100,,Aggregated,8.400000,0.000000,6600,9600,12000,13000,18000,23000,28000,32000,51000,58000,58000,1708,1,6600.0,8561.516263613095,127.63975599955302,57888.68623700182,34087.53981264637
1764725508,100,,Aggregated,8.800000,0.000000,6600,9600,12000,13000,18000,23000,29000,32000,51000,58000,58000,1717,1,6600.0,8579.474475509116,127.63975599955302,57888.68623700182,34129.97262667443
1764725509,100,,Aggregated,8.500000,0.000000,6600,9600,12000,13000,18000,23000,29000,32000,51000,58000,58000,1724,1,6600.0,8591.484536144522,127.63975599955302,57888.68623700182,34162.52378190255
1764725510,100,,Aggregated,8.300000,0.000000,6600,9700,12000,13000,18000,23000,29000,32000,51000,58000,58000,1729,1,6600.0,8611.303431825423,127.63975599955302,57888.68623700182,34133.83285135917
1764725511,100,,Aggregated,7.900000,0.000000,6700,9700,12000,13000,18000,23000,29000,32000,51000,58000,58000,1735,1,6700.0,8620.133646882508,127.63975599955302,57888.68623700182,34170.17521613833
1764725513,100,,Aggregated,8.100000,0.000000,6700,9700,12000,13000,18000,23000,29000,32000,51000,58000,58000,1744,1,6700.0,8630.889413051691,127.63975599955302,57888.68623700182,34264.4501146789
1764725514,100,,Aggregated,7.600000,0.000000,6700,9700,12000,13000,18000,23000,29000,32000,51000,58000,58000,1751,1,6700.0,8631.557336770498,127.63975599955302,57888.68623700182,34278.90976584809
1764725515,100,,Aggregated,7.000000,0.000000,6700,9700,12000,13000,18000,23000,29000,32000,51000,58000,58000,1760,1,6700.0,8637.476895357464,127.63975599955302,57888.68623700182,34318.005681818184
1764725516,100,,Aggregated,7.300000,0.000000,6700,9700,12000,14000,18000,23000,29000,32000,51000,58000,58000,1767,1,6700.0,8653.445618981968,127.63975599955302,57888.68623700182,34315.41878890775
1764725517,100,,Aggregated,7.000000,0.000000,6800,9800,12000,14000,18000,23000,29000,32000,51000,58000,58000,1776,1,6800.0,8663.428649587915,127.63975599955302,57888.68623700182,34337.01689189189
1764725518,100,,Aggregated,7.300000,0.000000,6800,9800,12000,14000,18000,23000,29000,32000,51000,58000,58000,1782,1,6800.0,8659.787544109506,127.63975599955302,57888.68623700182,34356.54601571268
1764725519,100,,Aggregated,7.100000,0.000000,6800,9700,12000,14000,18000,23000,29000,32000,51000,58000,58000,1789,1,6800.0,8657.451958579733,127.63975599955302,57888.68623700182,34393.77249860257
1764725520,100,,Aggregated,7.100000,0.000000,6800,9800,12000,14000,18000,23000,29000,32000,51000,58000,58000,1799,1,6800.0,8681.753811249107,127.63975599955302,57888.68623700182,34392.12340188994
1764725521,100,,Aggregated,7.400000,0.000000,6800,9800,12000,14000,18000,23000,29000,32000,51000,58000,58000,1805,1,6800.0,8696.298601435541,127.63975599955302,57888.68623700182,34402.05096952909
1764725522,100,,Aggregated,7.400000,0.000000,6800,9800,12000,14000,18000,23000,29000,32000,51000,58000,58000,1818,1,6800.0,8697.715077997891,127.63975599955302,57888.68623700182,34419.799779978
1764725523,100,,Aggregated,7.600000,0.000000,6800,9800,12000,14000,18000,23000,29000,32000,51000,58000,58000,1823,1,6800.0,8714.76688948062,127.63975599955302,57888.68623700182,34496.920460778936
1764725524,100,,Aggregated,8.200000,0.000000,6800,9800,12000,14000,18000,23000,29000,32000,51000,58000,58000,1837,1,6800.0,8709.672186969063,127.63975599955302,57888.68623700182,34451.477408818726
1764725525,100,,Aggregated,8.200000,0.000000,6900,9800,12000,14000,18000,23000,29000,32000,51000,58000,58000,1840,1,6800.0,8715.625511749548,127.63975599955302,57888.68623700182,34482.05054347826
1764725526,100,,Aggregated,7.800000,0.000000,6900,9800,12000,14000,18000,23000,29000,32000,51000,58000,58000,1847,1,6900.0,8734.970740864197,127.63975599955302,57888.68623700182,34494.142393069844
1764725527,100,,Aggregated,8.500000,0.000000,6900,9900,12000,14000,18000,23000,29000,32000,51000,58000,58000,1856,1,6900.0,8766.789651029729,127.63975599955302,57888.68623700182,34478.43426724138
1764725528,100,,Aggregated,8.000000,0.000000,6900,9900,12000,14000,18000,23000,29000,32000,51000,58000,58000,1863,1,6900.0,8785.88440727975,127.63975599955302,57888.68623700182,34473.77348362855
1764725529,100,,Aggregated,8.000000,0.000000,6900,9900,12000,14000,18000,23000,29000,32000,51000,58000,58000,1875,1,6900.0,8790.831679474222,127.63975599955302,57888.68623700182,34541.7728
1764725530,100,,Aggregated,8.000000,0.000000,6900,9900,12000,14000,18000,23000,29000,32000,51000,58000,58000,1879,1,6900.0,8797.340322064481,127.63975599955302,57888.68623700182,34547.09739222991
1764725531,100,,Aggregated,8.000000,0.000000,6900,9900,12000,14000,18000,23000,29000,32000,51000,58000,58000,1890,1,6900.0,8794.113237024423,127.63975599955302,57888.68623700182,34549.62275132275
1764725532,100,,Aggregated,8.600000,0.000000,6900,9900,12000,14000,18000,23000,29000,33000,58000,72000,72000,1898,1,6900.0,8819.549784878907,127.63975599955302,71536.85263800071,34614.28872497366
1764725533,100,,Aggregated,7.900000,0.000000,7000,9900,12000,14000,18000,23000,29000,32000,58000,72000,72000,1909,1,7000.0,8830.889179347912,127.63975599955302,71536.85263800071,34592.14772132006
1764725534,100,,Aggregated,8.100000,0.000000,7000,9900,12000,14000,18000,23000,29000,32000,58000,72000,72000,1914,1,7000.0,8825.517512095174,127.63975599955302,71536.85263800071,34624.05067920585
1764725535,100,,Aggregated,8.700000,0.000000,7000,9900,12000,14000,18000,23000,29000,32000,58000,72000,72000,1925,1,7000.0,8825.539259403718,127.63975599955302,71536.85263800071,34646.35064935065
1764725536,100,,Aggregated,7.700000,0.000000,7000,9900,12000,14000,18000,23000,29000,32000,58000,72000,72000,1934,1,7000.0,8825.776128507316,127.63975599955302,71536.85263800071,34701.74198552223
1764725537,100,,Aggregated,8.200000,0.000000,7000,9900,12000,14000,18000,23000,29000,32000,58000,72000,72000,1944,1,7000.0,8820.195509804602,127.63975599955302,71536.85263800071,34669.022119341564
1764725538,100,,Aggregated,8.600000,0.000000,7000,10000,12000,14000,18000,23000,29000,32000,58000,72000,72000,1953,1,7000.0,8821.758954022096,127.63975599955302,71536.85263800071,34754.69022017409
1764725539,100,,Aggregated,8.600000,0.000000,7000,10000,12000,14000,18000,23000,29000,32000,58000,72000,72000,1959,1,7000.0,8813.263019594264,127.63975599955302,71536.85263800071,34793.914241960185
1764725540,100,,Aggregated,9.000000,0.000000,7000,10000,12000,14000,18000,23000,29000,32000,58000,72000,72000,1973,1,7000.0,8816.478236387817,127.63975599955302,71536.85263800071,34805.042067916875
1764725541,100,,Aggregated,8.500000,0.000000,7000,10000,12000,14000,18000,23000,29000,32000,58000,72000,72000,1978,1,7000.0,8825.365616923742,127.63975599955302,71536.85263800071,34805.31243680485
1764725542,100,,Aggregated,9.400000,0.000000,7000,10000,12000,14000,18000,23000,29000,32000,58000,72000,72000,1991,1,7000.0,8829.230125111077,127.63975599955302,71536.85263800071,34840.18232044199
1764725543,100,,Aggregated,8.700000,0.000000,7000,10000,12000,14000,18000,23000,29000,32000,51000,72000,72000,2002,1,7000.0,8816.767006942137,127.63975599955302,71536.85263800071,34863.791708291705
1764725544,100,,Aggregated,9.100000,0.000000,7000,10000,12000,14000,18000,23000,29000,32000,51000,72000,72000,2015,1,7000.0,8821.493905315217,127.63975599955302,71536.85263800071,34832.06203473945
1764725545,100,,Aggregated,9.000000,0.000000,7000,10000,12000,14000,18000,23000,29000,32000,51000,72000,72000,2021,1,7000.0,8835.229101785335,127.63975599955302,71536.85263800071,34845.30628401781
1764725546,100,,Aggregated,10.000000,0.000000,7000,10000,12000,14000,18000,23000,29000,32000,51000,72000,72000,2036,1,7000.0,8845.486622288387,127.63975599955302,71536.85263800071,34776.89440078585
1764725547,100,,Aggregated,9.700000,0.000000,7000,10000,12000,14000,18000,23000,29000,32000,51000,72000,72000,2042,1,7000.0,8842.900679313005,127.63975599955302,71536.85263800071,34751.982859941236
1764725548,100,,Aggregated,10.000000,0.000000,7000,10000,12000,14000,18000,23000,29000,32000,51000,72000,72000,2058,1,7000.0,8845.134286484525,127.63975599955302,71536.85263800071,34698.598639455784
1764725549,100,,Aggregated,9.800000,0.000000,6900,10000,12000,14000,18000,23000,29000,32000,51000,72000,72000,2066,1,6900.0,8828.178190520399,127.63975599955302,71536.85263800071,34714.60164569216
1764725550,100,,Aggregated,10.200000,0.000000,6900,10000,12000,14000,18000,23000,29000,32000,51000,72000,72000,2075,1,6900.0,8823.568143441515,127.63975599955302,71536.85263800071,34780.0534939759
1764725551,100,,Aggregated,10.600000,0.000000,6900,10000,12000,14000,18000,23000,29000,32000,51000,72000,72000,2082,1,6900.0,8815.766532693633,127.63975599955302,71536.85263800071,34891.28386167147
1764725552,100,,Aggregated,10.600000,0.000000,6900,9900,12000,14000,18000,23000,29000,32000,51000,72000,72000,2090,1,6900.0,8818.267256322559,127.63975599955302,71536.85263800071,34868.807655502394
1764725553,100,,Aggregated,10.400000,0.000000,6900,9900,12000,14000,18000,23000,29000,32000,51000,72000,72000,2101,1,6900.0,8829.055768303733,127.63975599955302,71536.85263800071,34916.72679676345
1764725554,100,,Aggregated,10.100000,0.000000,6900,9900,12000,14000,18000,23000,29000,32000,51000,72000,72000,2109,1,6900.0,8827.73113982984,127.63975599955302,71536.85263800071,34931.176861071595
1764725555,100,,Aggregated,9.900000,0.000000,6900,10000,12000,14000,18000,23000,29000,32000,51000,72000,72000,2117,1,6900.0,8833.586890591467,127.63975599955302,71536.85263800071,34963.40056683987
1764725556,100,,Aggregated,9.400000,0.000000,6900,10000,12000,14000,18000,23000,29000,32000,51000,72000,72000,2127,1,6900.0,8842.994586764045,127.63975599955302,71536.85263800071,34990.65256229431
1764725557,100,,Aggregated,9.300000,0.000000,7000,10000,12000,14000,18000,23000,29000,32000,51000,72000,72000,2131,1,7000.0,8848.065181290536,127.63975599955302,71536.85263800071,34997.578601595495
1764725558,100,,Aggregated,9.100000,0.000000,7000,10000,12000,14000,18000,23000,29000,32000,51000,72000,72000,2139,1,7000.0,8848.294313875238,127.63975599955302,71536.85263800071,35028.242636746145
1764725559,100,,Aggregated,9.100000,0.000000,6900,10000,12000,14000,18000,23000,29000,32000,51000,72000,72000,2148,1,6900.0,8837.863292086655,127.63975599955302,71536.85263800071,35020.49162011173
1764725560,100,,Aggregated,8.900000,0.000000,7000,10000,12000,14000,18000,23000,28000,32000,51000,72000,72000,2155,1,7000.0,8844.627893871988,127.63975599955302,71536.85263800071,35012.78283062645
1764725561,100,,Aggregated,8.300000,0.000000,7000,10000,12000,14000,18000,23000,28000,32000,51000,72000,72000,2164,1,6900.0,8836.536356316607,127.63975599955302,71536.85263800071,35027.23752310536
1764725562,100,,Aggregated,8.400000,0.000000,6900,10000,12000,14000,18000,23000,28000,32000,51000,72000,72000,2175,1,6900.0,8827.407267351788,127.63975599955302,71536.85263800071,35008.15862068965
1764725563,100,,Aggregated,7.900000,0.000000,6900,9900,12000,14000,18000,23000,28000,32000,51000,72000,72000,2187,1,6900.0,8802.593965651184,127.63975599955302,71536.85263800071,35016.632373113855
1764725564,100,,Aggregated,7.900000,0.000000,6900,9900,12000,14000,18000,23000,28000,32000,51000,72000,72000,2189,1,6900.0,8798.907959347254,127.63975599955302,71536.85263800071,35001.932846048425
1764725565,100,,Aggregated,8.300000,0.000000,6900,9900,12000,14000,18000,23000,28000,32000,51000,72000,72000,2192,1,6900.0,8795.956956454444,127.63975599955302,71536.85263800071,35042.629562043796
1764725566,100,,Aggregated,8.200000,0.000000,6900,9900,12000,14000,18000,23000,28000,32000,51000,72000,72000,2195,1,6900.0,8787.890091149493,127.63975599955302,71536.85263800071,35085.263781321184
1764725567,100,,Aggregated,8.000000,0.000000,6900,9900,12000,14000,18000,23000,28000,32000,51000,72000,72000,2198,1,6900.0,8784.503480550562,127.63975599955302,71536.85263800071,35074.38671519563
1764725568,100,,Aggregated,6.900000,0.000000,6900,9900,12000,14000,18000,23000,28000,32000,51000,72000,72000,2202,1,6900.0,8784.975725154922,127.63975599955302,71536.85263800071,35074.69118982743
1764725569,100,,Aggregated,6.600000,0.000000,6900,10000,12000,14000,18000,23000,29000,32000,51000,72000,72000,2214,1,6900.0,8828.372957708734,127.63975599955302,71536.85263800071,35100.07362240289
1764725570,100,,Aggregated,6.300000,0.000000,6900,10000,12000,14000,18000,23000,29000,32000,51000,72000,72000,2225,1,6900.0,8851.095491026132,127.63975599955302,71536.85263800071,35114.43685393259
1764725571,100,,Aggregated,6.300000,0.000000,7000,10000,12000,14000,18000,23000,29000,32000,51000,72000,72000,2236,1,7000.0,8858.863344031366,127.63975599955302,71536.85263800071,35204.55590339893
1764725572,100,,Aggregated,6.500000,0.000000,7000,10000,12000,14000,18000,23000,29000,32000,51000,72000,72000,2250,1,7000.0,8895.776406572508,127.63975599955302,71536.85263800071,35242.19111111111
1764725573,100,,Aggregated,7.100000,0.000000,7000,10000,12000,14000,18000,23000,29000,32000,51000,72000,72000,2257,1,7000.0,8900.918683533955,127.63975599955302,71536.85263800071,35272.25387682765
1764725574,100,,Aggregated,7.200000,0.000000,7000,10000,12000,14000,18000,23000,29000,32000,51000,72000,72000,2268,1,7000.0,8898.695971935686,127.63975599955302,71536.85263800071,35280.17857142857
1764725575,100,,Aggregated,6.900000,0.000000,7000,10000,12000,14000,18000,23000,29000,32000,51000,72000,72000,2276,1,7000.0,8901.119638676248,127.63975599955302,71536.85263800071,35349.29086115993
1764725576,100,,Aggregated,7.700000,0.000000,7000,10000,12000,14000,18000,23000,29000,32000,51000,72000,72000,2285,1,7000.0,8901.011224334416,127.63975599955302,71536.85263800071,35383.408315098466
1764725577,100,,Aggregated,8.200000,0.000000,7000,10000,12000,14000,18000,23000,29000,33000,51000,72000,72000,2296,1,7000.0,8895.806543452149,127.63975599955302,71536.85263800071,35332.00740418118
1764725578,100,,Aggregated,8.900000,0.000000,7000,10000,12000,14000,18000,23000,29000,32000,51000,72000,72000,2310,1,7000.0,8895.45063774811,127.63975599955302,71536.85263800071,35323.72467532467
1764725579,100,,Aggregated,9.700000,0.000000,7000,10000,12000,14000,18000,23000,29000,32000,51000,72000,72000,2319,1,7000.0,8900.098089274748,127.63975599955302,71536.85263800071,35320.042690815004
1764725580,100,,Aggregated,10.600000,0.000000,7000,10000,12000,14000,18000,23000,29000,32000,51000,72000,72000,2330,1,7000.0,8902.339082686327,127.63975599955302,71536.85263800071,35285.88626609442
1764725581,100,,Aggregated,10.200000,0.000000,7000,10000,12000,14000,18000,23000,29000,32000,51000,72000,72000,2337,1,7000.0,8901.013388309004,127.63975599955302,71536.85263800071,35261.45827984596
1764725582,100,,Aggregated,10.400000,0.000000,7000,10000,12000,14000,18000,23000,29000,32000,51000,72000,72000,2342,1,7000.0,8897.922731438577,127.63975599955302,71536.85263800071,35252.81084543125
1764725583,100,,Aggregated,10.200000,0.000000,7000,10000,12000,14000,18000,23000,29000,32000,51000,72000,72000,2354,1,7000.0,8890.80322960159,127.63975599955302,71536.85263800071,35242.013169073914
1764725584,100,,Aggregated,9.400000,0.000000,7000,10000,12000,14000,18000,23000,29000,32000,51000,72000,72000,2360,1,7000.0,8895.296465550058,127.63975599955302,71536.85263800071,35255.86652542373
1764725585,100,,Aggregated,9.400000,0.000000,7000,10000,12000,14000,18000,23000,29000,32000,51000,72000,72000,2368,1,7000.0,8900.261565318895,127.63975599955302,71536.85263800071,35283.00422297297
1764725586,100,,Aggregated,9.200000,0.000000,7000,10000,12000,14000,18000,23000,29000,32000,51000,72000,72000,2378,1,7000.0,8893.633763098464,127.63975599955302,71536.85263800071,35233.948696383515
1764725587,100,,Aggregated,9.200000,0.000000,7000,10000,12000,14000,18000,23000,29000,33000,51000,72000,72000,2381,1,7000.0,8900.933671294897,127.63975599955302,71536.85263800071,35222.863922721546
1764725588,100,,Aggregated,9.200000,0.000000,7000,10000,12000,14000,18000,23000,29000,33000,51000,72000,72000,2398,1,6900.0,8903.737534142265,127.63975599955302,71536.85263800071,35228.21434528774
1764725589,100,,Aggregated,8.800000,0.000000,6900,10000,12000,14000,18000,23000,29000,33000,51000,72000,72000,2406,1,6900.0,8892.245275628495,127.63975599955302,71536.85263800071,35138.99085619285
1764725590,100,,Aggregated,7.800000,0.000000,6900,10000,12000,14000,18000,23000,29000,33000,51000,72000,72000,2413,1,6900.0,8881.126023416973,127.63975599955302,71536.85263800071,35146.78657273104
1764725591,100,,Aggregated,8.800000,0.000000,6900,10000,12000,14000,18000,23000,29000,33000,51000,72000,72000,2420,1,6900.0,8870.292527019075,127.63975599955302,71536.85263800071,35124.889256198345
1764725592,100,,Aggregated,8.600000,0.000000,6900,10000,12000,14000,18000,23000,29000,33000,51000,72000,72000,2427,1,6900.0,8865.125252866983,127.63975599955302,71536.85263800071,35117.85166872682
1764725593,100,,Aggregated,8.600000,0.000000,6900,10000,12000,14000,18000,23000,29000,33000,51000,72000,72000,2428,1,6900.0,8865.571264574615,127.63975599955302,71536.85263800071,35120.31672158155
1764725594,100,,Aggregated,8.400000,0.000000,6900,10000,12000,14000,18000,23000,29000,33000,51000,72000,72000,2435,1,6900.0,8889.248432189386,127.63975599955302,71536.85263800071,35132.45995893224
1764725595,100,,Aggregated,7.900000,0.000000,6900,10000,12000,14000,19000,23000,29000,33000,51000,72000,72000,2450,1,6900.0,8904.451822882105,127.63975599955302,71536.85263800071,35153.38081632653
1764725596,100,,Aggregated,7.100000,0.000000,7000,10000,12000,14000,18000,23000,29000,33000,51000,72000,72000,2466,1,7000.0,8929.350876705656,127.63975599955302,71536.85263800071,35185.19261962693
1764725597,100,,Aggregated,8.000000,0.000000,7000,10000,13000,14000,19000,23000,29000,33000,51000,72000,72000,2477,1,7000.0,8957.091910503086,127.63975599955302,71536.85263800071,35201.31166733953
1764725598,100,,Aggregated,8.300000,0.000000,7100,10000,13000,14000,19000,23000,29000,33000,51000,72000,72000,2490,1,7100.0,8956.34704980046,127.63975599955302,71536.85263800071,35181.00642570281
1764725599,100,,Aggregated,8.700000,0.000000,7100,10000,13000,14000,19000,23000,29000,33000,51000,72000,72000,2504,1,7100.0,8966.6595389725,127.63975599955302,71536.85263800071,35209.785143769965
1764725600,100,,Aggregated,10.200000,0.000000,7100,10000,13000,14000,19000,23000,29000,33000,51000,72000,72000,2508,1,7100.0,8965.691527947822,127.63975599955302,71536.85263800071,35216.00598086124
1764725601,100,,Aggregated,9.300000,0.000000,7100,10000,13000,14000,19000,23000,29000,33000,51000,72000,72000,2517,1,7100.0,8961.211253541971,127.63975599955302,71536.85263800071,35263.84505363528
1764725602,100,,Aggregated,9.500000,0.000000,7100,10000,13000,14000,19000,23000,29000,33000,51000,72000,72000,2526,1,7100.0,8959.849559593093,127.63975599955302,71536.85263800071,35280.51543942993
1764725603,100,,Aggregated,9.800000,0.000000,7100,10000,13000,14000,19000,23000,29000,33000,51000,72000,72000,2528,1,7100.0,8964.05191628922,127.63975599955302,71536.85263800071,35283.704113924054
1764725604,100,,Aggregated,9.700000,0.000000,7100,10000,13000,14000,19000,23000,29000,33000,51000,72000,72000,2531,1,7100.0,8963.213217719536,127.63975599955302,71536.85263800071,35289.60687475306
1764725605,100,,Aggregated,9.900000,0.000000,7100,10000,13000,14000,19000,23000,29000,33000,51000,72000,72000,2542,1,7100.0,8954.883460186917,127.63975599955302,71536.85263800071,35322.12116443745
1764725606,100,,Aggregated,10.000000,0.000000,7100,10000,13000,14000,19000,23000,29000,33000,51000,72000,72000,2550,1,7100.0,8959.549929070643,127.63975599955302,71536.85263800071,35466.20941176471
1764725607,100,,Aggregated,9.000000,0.000000,7100,10000,13000,14000,19000,23000,29000,33000,51000,72000,72000,2563,1,7100.0,8957.509329161976,127.63975599955302,71536.85263800071,35519.77058134998
1764725608,100,,Aggregated,8.700000,0.000000,7100,10000,13000,14000,19000,23000,29000,33000,51000,72000,72000,2573,1,7100.0,8947.401249433791,127.63975599955302,71536.85263800071,35534.06879129421
1764725609,100,,Aggregated,8.500000,0.000000,7100,10000,13000,14000,19000,23000,29000,33000,51000,72000,72000,2579,1,7100.0,8952.502576683653,127.63975599955302,71536.85263800071,35524.440093059326
1764725610,100,,Aggregated,8.000000,0.000000,7100,10000,12000,14000,19000,23000,29000,33000,51000,72000,72000,2588,1,7100.0,8956.495022532514,127.63975599955302,71536.85263800071,35527.399922720244
1764725611,100,,Aggregated,8.200000,0.000000,7100,10000,12000,14000,19000,23000,29000,33000,51000,72000,72000,2599,1,7100.0,8951.812392033917,127.63975599955302,71536.85263800071,35608.303193535976
1764725612,100,,Aggregated,7.700000,0.000000,7100,10000,12000,14000,19000,23000,29000,33000,51000,72000,72000,2606,1,7100.0,8946.705228348865,127.63975599955302,71536.85263800071,35612.23484267076
1764725613,100,,Aggregated,7.600000,0.000000,7100,10000,12000,14000,19000,23000,29000,33000,51000,72000,72000,2612,1,7100.0,8946.660358797526,127.63975599955302,71536.85263800071,35627.94065849923
1764725614,100,,Aggregated,8.300000,0.000000,7100,10000,12000,14000,19000,23000,29000,33000,51000,72000,72000,2621,1,7100.0,8950.922155832175,127.63975599955302,71536.85263800071,35633.01487981687
1764725615,100,,Aggregated,8.100000,0.000000,7100,10000,12000,14000,19000,23000,29000,33000,51000,72000,72000,2628,1,7100.0,8942.961943815882,127.63975599955302,71536.85263800071,35627.90296803653
1764725616,100,,Aggregated,8.600000,0.000000,7100,10000,12000,14000,19000,23000,29000,33000,51000,72000,72000,2637,1,7100.0,8944.398454421362,127.63975599955302,71536.85263800071,35622.497914296546
1764725617,100,,Aggregated,8.600000,0.000000,7100,10000,13000,14000,19000,23000,29000,33000,51000,72000,72000,2647,1,7100.0,8949.478911991364,127.63975599955302,71536.85263800071,35606.863619191536
1764725618,100,,Aggregated,8.600000,0.000000,7100,10000,13000,14000,19000,23000,29000,33000,51000,72000,72000,2657,1,7100.0,8947.380295186353,127.63975599955302,71536.85263800071,35605.57395558901
1764725619,100,,Aggregated,8.800000,0.000000,7100,10000,12000,14000,19000,23000,29000,33000,51000,72000,72000,2665,1,7100.0,8941.321639304744,127.63975599955302,71536.85263800071,35568.60187617261
1764725620,100,,Aggregated,8.400000,0.000000,7100,10000,12000,14000,19000,23000,29000,33000,51000,72000,72000,2677,1,7100.0,8940.211783170394,126.00607800050057,71536.85263800071,35617.739260366085
1764725621,100,,Aggregated,8.400000,0.000000,7100,10000,12000,14000,19000,23000,29000,33000,51000,72000,72000,2681,1,7100.0,8939.92874984899,126.00607800050057,71536.85263800071,35622.45766505035
1764725622,100,,Aggregated,8.800000,0.000000,7100,10000,13000,14000,19000,23000,29000,33000,51000,72000,72000,2693,1,7100.0,8958.895350056124,126.00607800050057,71536.85263800071,35663.286669142224
1764725623,100,,Aggregated,8.900000,0.000000,7100,10000,13000,14000,19000,23000,29000,33000,51000,72000,72000,2700,1,7100.0,8971.583433199685,126.00607800050057,71536.85263800071,35654.898888888885
